drug,n,n_resistant,n_susceptible,auroc,pr_auc,brier,balanced_accuracy,recall_resistant,recall_susceptible,f1_resistant,no_call_rate,accuracy_on_called,n_called
Ampicillin,60,37,23,0.9647473560517039,0.9805326529182811,0.06441886149333333,0.9833333333333334,0.9666666666666667,1.0,0.983050847457627,0.2,0.9791666666666666,48
Ciprofloxacin,60,28,32,0.9609375,0.9557981196476113,0.06740629608,1.0,1.0,1.0,1.0,0.2833333333333333,1.0,43
Colistin,60,10,50,0.9828571428571429,0.9340659340659341,0.0394470812631579,1.0,1.0,1.0,1.0,0.16666666666666666,1.0,50
Gentamicin,60,16,44,0.9573863636363636,0.9155053985374568,0.06192834357333333,0.9545454545454546,0.9090909090909091,1.0,0.9523809523809523,0.2,0.9791666666666666,48
Trimethoprim-sulfamethoxazole,60,22,38,0.9186602870813397,0.9261436033948898,0.07564917333333332,0.9047619047619048,0.8095238095238095,1.0,0.8947368421052632,0.11666666666666667,0.9245283018867925,53
