genetic_group,seen_in_training,n,no_call_rate,accuracy_on_called,balanced_accuracy
ST131,True,60,0.2,1.0,1.0
ST69,True,80,0.175,0.9696969696969697,0.9655172413793103
ST95,True,85,0.1411764705882353,0.958904109589041,0.9423076923076923
ST_novelA,False,30,0.06666666666666667,0.9642857142857143,0.9583333333333333
ST_novelB,False,45,0.4,1.0,1.0
